mechanism,missing_pct,method,n_train,n_test,n_features,cv_f1_mean,cv_f1_std,test_accuracy,test_precision,test_recall,test_f1,test_roc_auc,runtime_seconds
MCAR,10,mean,239,60,12,0.7372141886046224,0.054112068304086006,0.7666666666666667,0.7272727272727273,0.42105263157894735,0.5333333333333333,0.8626444159178432,0.4482940000016242
MCAR,10,median,239,60,12,0.7647047237564479,0.07447307541989957,0.7666666666666667,0.6923076923076923,0.47368421052631576,0.5625,0.8748395378690629,0.5285625999968033
MCAR,10,knn,239,60,12,0.7627003827815186,0.05308269744103265,0.8166666666666667,0.7857142857142857,0.5789473684210527,0.6666666666666666,0.8774069319640564,0.4589208999823313
MCAR,10,iterative,239,60,12,0.7474297573435504,0.0641319192086328,0.7666666666666667,0.6923076923076923,0.47368421052631576,0.5625,0.8632862644415918,0.4484158999985084
MCAR,20,mean,239,60,12,0.6605673895996477,0.052301676590123164,0.75,0.6428571428571429,0.47368421052631576,0.5454545454545454,0.7946084724005135,0.4517917000048328
MCAR,20,median,239,60,12,0.641529304029304,0.04236681801656064,0.7166666666666667,0.5625,0.47368421052631576,0.5142857142857142,0.7817715019255456,0.45814729999983683
MCAR,20,knn,239,60,12,0.6328127666837344,0.08456156390719677,0.75,0.625,0.5263157894736842,0.5714285714285714,0.7997432605905007,0.44319049999467097
MCAR,20,iterative,239,60,12,0.6522570566688213,0.048915342869382226,0.7666666666666667,0.6666666666666666,0.5263157894736842,0.5882352941176471,0.7747111681643132,0.48665340000297874
MCAR,30,mean,239,60,12,0.6444713906782872,0.07457752588033756,0.7166666666666667,0.6,0.3157894736842105,0.41379310344827586,0.7509627727856227,0.4188445000036154
MCAR,30,median,239,60,12,0.6451596424010219,0.08114102073746812,0.7166666666666667,0.6,0.3157894736842105,0.41379310344827586,0.741976893453145,0.44803140001022257
MCAR,30,knn,239,60,12,0.6397205853727593,0.09263282978902511,0.7333333333333333,0.6666666666666666,0.3157894736842105,0.42857142857142855,0.806803594351733,0.4537856000242755
MCAR,30,iterative,239,60,12,0.6589947089947089,0.07253889139307455,0.75,0.75,0.3157894736842105,0.4444444444444444,0.7349165596919127,0.507283400016604
MAR,10,mean,239,60,12,0.7387392177714758,0.07459577165434861,0.8333333333333334,0.8,0.631578947368421,0.7058823529411765,0.8998716302952503,0.48410609998973086
MAR,10,median,239,60,12,0.7458303949437889,0.06806454090985609,0.85,0.8571428571428571,0.631578947368421,0.7272727272727273,0.8973042362002568,0.4476758999808226
MAR,10,knn,239,60,12,0.6892437511403029,0.09150522042537504,0.85,0.8125,0.6842105263157895,0.7428571428571429,0.9024390243902439,0.4631886000279337
MAR,10,iterative,239,60,12,0.7369448283352622,0.07847821074808946,0.8333333333333334,0.8,0.631578947368421,0.7058823529411765,0.8838254172015404,0.45500250000623055
MAR,20,mean,239,60,12,0.7165714285714285,0.06401912979408449,0.7666666666666667,0.6666666666666666,0.5263157894736842,0.5882352941176471,0.8940949935815148,0.4538131000008434
MAR,20,median,239,60,12,0.735934065934066,0.06842157477505695,0.8,0.7692307692307693,0.5263157894736842,0.625,0.9043645699614891,0.46659330002148636
MAR,20,knn,239,60,12,0.7342644674166413,0.05187040992172657,0.8,0.7333333333333333,0.5789473684210527,0.6470588235294118,0.8632862644415917,0.451604200003203
MAR,20,iterative,239,60,12,0.7068032454361055,0.04531988831480037,0.7666666666666667,0.6666666666666666,0.5263157894736842,0.5882352941176471,0.8966623876765083,0.4509925000020303
MAR,30,mean,239,60,12,0.6503768386077231,0.11844530350289828,0.85,0.7777777777777778,0.7368421052631579,0.7567567567567568,0.8985879332477534,0.4321864000230562
MAR,30,median,239,60,12,0.6650738916256158,0.09122487713690683,0.8666666666666667,0.8666666666666667,0.6842105263157895,0.7647058823529411,0.8985879332477535,0.5194814999995288
MAR,30,knn,239,60,12,0.6466927731799812,0.06652861428550914,0.9,0.8823529411764706,0.7894736842105263,0.8333333333333334,0.9332477535301669,0.45921559998532757
MAR,30,iterative,239,60,12,0.5869016041429834,0.11336354581283234,0.8833333333333333,0.875,0.7368421052631579,0.8,0.8979460847240052,0.4470100999751594
MNAR,10,mean,239,60,12,0.7013045834402898,0.0873502677686621,0.8166666666666667,0.7857142857142857,0.5789473684210527,0.6666666666666666,0.8947368421052632,0.46816810002201237
MNAR,10,median,239,60,12,0.722160368367265,0.08936176418526263,0.8333333333333334,0.8,0.631578947368421,0.7058823529411765,0.9050064184852374,0.4765755000116769
MNAR,10,knn,239,60,12,0.6693518518518518,0.07497621936659349,0.8333333333333334,0.8,0.631578947368421,0.7058823529411765,0.8876765083440308,0.44223329998203553
MNAR,10,iterative,239,60,12,0.6788151443991266,0.06858246318092588,0.8166666666666667,0.75,0.631578947368421,0.6857142857142857,0.8985879332477535,0.47653470002114773
MNAR,20,mean,239,60,12,0.6432266992266993,0.12228073594205409,0.7666666666666667,1.0,0.2631578947368421,0.4166666666666667,0.8536585365853658,0.4353609000099823
MNAR,20,median,239,60,12,0.6531038591038592,0.06427915985725383,0.7666666666666667,0.7777777777777778,0.3684210526315789,0.5,0.8523748395378691,0.4630165000271518
MNAR,20,knn,239,60,12,0.6488518518518518,0.042876093530468354,0.75,0.7,0.3684210526315789,0.4827586206896552,0.8703465982028241,0.465009600011399
MNAR,20,iterative,239,60,12,0.6479412420486589,0.06697208415185268,0.7833333333333333,1.0,0.3157894736842105,0.48,0.8318356867779204,0.3639331000158563
MNAR,30,mean,239,60,12,0.5611451267373306,0.060294203927541,0.7333333333333333,0.6666666666666666,0.3157894736842105,0.42857142857142855,0.7798459563543003,0.5168371000036132
MNAR,30,median,239,60,12,0.6029304029304029,0.0460016970028839,0.7666666666666667,0.8571428571428571,0.3157894736842105,0.46153846153846156,0.7991014120667523,0.44446979998610914
MNAR,30,knn,239,60,12,0.5597566137566138,0.06078113436664836,0.7333333333333333,0.6666666666666666,0.3157894736842105,0.42857142857142855,0.7625160462130937,0.45332590001635253
MNAR,30,iterative,239,60,12,0.5911239935587761,0.0869044839821059,0.8,0.8888888888888888,0.42105263157894735,0.5714285714285714,0.7830551989730423,0.4472404000116512
