seed,mechanism,missing_pct,method,n_train,n_test,n_features,cv_f1_mean,cv_f1_std,test_accuracy,test_precision,test_recall,test_f1,test_roc_auc,runtime_seconds
42,MCAR,10,mean,239,60,12,0.7372141886046224,0.054112068304086006,0.7666666666666667,0.7272727272727273,0.42105263157894735,0.5333333333333333,0.8626444159178432,0.34096790000330657
42,MCAR,10,median,239,60,12,0.7647047237564479,0.07447307541989957,0.7666666666666667,0.6923076923076923,0.47368421052631576,0.5625,0.8748395378690629,0.4354124999954365
42,MCAR,10,knn,239,60,12,0.7627003827815186,0.05308269744103265,0.8166666666666667,0.7857142857142857,0.5789473684210527,0.6666666666666666,0.8774069319640564,0.46971589999157004
42,MCAR,10,iterative,239,60,12,0.7474297573435504,0.0641319192086328,0.7666666666666667,0.6923076923076923,0.47368421052631576,0.5625,0.8632862644415918,0.46295840002130717
42,MCAR,20,mean,239,60,12,0.6605673895996477,0.052301676590123164,0.75,0.6428571428571429,0.47368421052631576,0.5454545454545454,0.7946084724005135,0.44695289997616783
42,MCAR,20,median,239,60,12,0.641529304029304,0.04236681801656064,0.7166666666666667,0.5625,0.47368421052631576,0.5142857142857142,0.7817715019255456,0.4477416999870911
42,MCAR,20,knn,239,60,12,0.6328127666837344,0.08456156390719677,0.75,0.625,0.5263157894736842,0.5714285714285714,0.7997432605905007,0.5265765000076499
42,MCAR,20,iterative,239,60,12,0.6522570566688213,0.048915342869382226,0.7666666666666667,0.6666666666666666,0.5263157894736842,0.5882352941176471,0.7747111681643132,0.3326970999769401
42,MCAR,30,mean,239,60,12,0.6444713906782872,0.07457752588033756,0.7166666666666667,0.6,0.3157894736842105,0.41379310344827586,0.7509627727856227,0.31059629999799654
42,MCAR,30,median,239,60,12,0.6451596424010219,0.08114102073746812,0.7166666666666667,0.6,0.3157894736842105,0.41379310344827586,0.741976893453145,0.4556487000081688
42,MCAR,30,knn,239,60,12,0.6397205853727593,0.09263282978902511,0.7333333333333333,0.6666666666666666,0.3157894736842105,0.42857142857142855,0.806803594351733,0.4866616000072099
42,MCAR,30,iterative,239,60,12,0.6589947089947089,0.07253889139307455,0.75,0.75,0.3157894736842105,0.4444444444444444,0.7349165596919127,0.48622389999218285
42,MAR,10,mean,239,60,12,0.7387392177714758,0.07459577165434861,0.8333333333333334,0.8,0.631578947368421,0.7058823529411765,0.8998716302952503,0.4477597000077367
42,MAR,10,median,239,60,12,0.7458303949437889,0.06806454090985609,0.85,0.8571428571428571,0.631578947368421,0.7272727272727273,0.8973042362002568,0.4518703000212554
42,MAR,10,knn,239,60,12,0.6892437511403029,0.09150522042537504,0.85,0.8125,0.6842105263157895,0.7428571428571429,0.9024390243902439,0.4415393999952357
42,MAR,10,iterative,239,60,12,0.7369448283352622,0.07847821074808946,0.8333333333333334,0.8,0.631578947368421,0.7058823529411765,0.8838254172015404,0.3845173000008799
42,MAR,20,mean,239,60,12,0.7165714285714285,0.06401912979408449,0.7666666666666667,0.6666666666666666,0.5263157894736842,0.5882352941176471,0.8940949935815148,0.42581019998760894
42,MAR,20,median,239,60,12,0.735934065934066,0.06842157477505695,0.8,0.7692307692307693,0.5263157894736842,0.625,0.9043645699614891,0.40577339997980744
42,MAR,20,knn,239,60,12,0.7342644674166413,0.05187040992172657,0.8,0.7333333333333333,0.5789473684210527,0.6470588235294118,0.8632862644415917,0.4571507000073325
42,MAR,20,iterative,239,60,12,0.7068032454361055,0.04531988831480037,0.7666666666666667,0.6666666666666666,0.5263157894736842,0.5882352941176471,0.8966623876765083,0.4637170999776572
42,MAR,30,mean,239,60,12,0.6503768386077231,0.11844530350289828,0.85,0.7777777777777778,0.7368421052631579,0.7567567567567568,0.8985879332477534,0.4919528999889735
42,MAR,30,median,239,60,12,0.6650738916256158,0.09122487713690683,0.8666666666666667,0.8666666666666667,0.6842105263157895,0.7647058823529411,0.8985879332477535,0.3948003000114113
42,MAR,30,knn,239,60,12,0.6466927731799812,0.06652861428550914,0.9,0.8823529411764706,0.7894736842105263,0.8333333333333334,0.9332477535301669,0.4606117999937851
42,MAR,30,iterative,239,60,12,0.5869016041429834,0.11336354581283234,0.8833333333333333,0.875,0.7368421052631579,0.8,0.8979460847240052,0.47589739999966696
42,MNAR,10,mean,239,60,12,0.7013045834402898,0.0873502677686621,0.8166666666666667,0.7857142857142857,0.5789473684210527,0.6666666666666666,0.8947368421052632,0.3473872000176925
42,MNAR,10,median,239,60,12,0.722160368367265,0.08936176418526263,0.8333333333333334,0.8,0.631578947368421,0.7058823529411765,0.9050064184852374,0.3864848999946844
42,MNAR,10,knn,239,60,12,0.6693518518518518,0.07497621936659349,0.8333333333333334,0.8,0.631578947368421,0.7058823529411765,0.8876765083440308,0.45290609999210574
42,MNAR,10,iterative,239,60,12,0.6788151443991266,0.06858246318092588,0.8166666666666667,0.75,0.631578947368421,0.6857142857142857,0.8985879332477535,0.5395896000263747
42,MNAR,20,mean,239,60,12,0.6432266992266993,0.12228073594205409,0.7666666666666667,1.0,0.2631578947368421,0.4166666666666667,0.8536585365853658,0.45893429999705404
42,MNAR,20,median,239,60,12,0.6531038591038592,0.06427915985725383,0.7666666666666667,0.7777777777777778,0.3684210526315789,0.5,0.8523748395378691,0.39955520001240075
42,MNAR,20,knn,239,60,12,0.6488518518518518,0.042876093530468354,0.75,0.7,0.3684210526315789,0.4827586206896552,0.8703465982028241,0.45295610002358444
42,MNAR,20,iterative,239,60,12,0.6479412420486589,0.06697208415185268,0.7833333333333333,1.0,0.3157894736842105,0.48,0.8318356867779204,0.4686924999987241
42,MNAR,30,mean,239,60,12,0.5611451267373306,0.060294203927541,0.7333333333333333,0.6666666666666666,0.3157894736842105,0.42857142857142855,0.7798459563543003,0.4461190000001807
42,MNAR,30,median,239,60,12,0.6029304029304029,0.0460016970028839,0.7666666666666667,0.8571428571428571,0.3157894736842105,0.46153846153846156,0.7991014120667523,0.47754389999317937
42,MNAR,30,knn,239,60,12,0.5597566137566138,0.06078113436664836,0.7333333333333333,0.6666666666666666,0.3157894736842105,0.42857142857142855,0.7625160462130937,0.4565695999772288
42,MNAR,30,iterative,239,60,12,0.5911239935587761,0.0869044839821059,0.8,0.8888888888888888,0.42105263157894735,0.5714285714285714,0.7830551989730423,0.4778562000137754
123,MCAR,10,mean,239,60,12,0.6771198527720267,0.12115952337007849,0.8666666666666667,0.9230769230769231,0.631578947368421,0.75,0.9582798459563543,0.44717680002213456
123,MCAR,10,median,239,60,12,0.7102723848159953,0.1328276435608084,0.8833333333333333,0.9285714285714286,0.6842105263157895,0.7878787878787878,0.9582798459563543,0.5263320000085514
123,MCAR,10,knn,239,60,12,0.6906265350230868,0.10853137697144351,0.8833333333333333,0.9285714285714286,0.6842105263157895,0.7878787878787878,0.9608472400513479,0.4691911000118125
123,MCAR,10,iterative,239,60,12,0.6650542784163473,0.13919418963237173,0.9,1.0,0.6842105263157895,0.8125,0.9711168164313222,0.4363551000133157
123,MCAR,20,mean,239,60,12,0.6494064265904873,0.18753881439026637,0.8833333333333333,0.8333333333333334,0.7894736842105263,0.8108108108108109,0.9216944801026957,0.4109244999999646
123,MCAR,20,median,239,60,12,0.6404761904761905,0.2013897294532462,0.9333333333333333,0.8947368421052632,0.8947368421052632,0.8947368421052632,0.9332477535301669,0.4344562999904156
123,MCAR,20,knn,239,60,12,0.6594121836768896,0.1453111732438794,0.85,0.7777777777777778,0.7368421052631579,0.7567567567567568,0.9088575096277278,0.40750410000327975
123,MCAR,20,iterative,239,60,12,0.6549222011385198,0.17527593571502997,0.8833333333333333,0.8,0.8421052631578947,0.8205128205128205,0.9242618741976893,0.39470380000420846
123,MCAR,30,mean,239,60,12,0.6280534121051362,0.04522652334116075,0.8,0.7333333333333333,0.5789473684210527,0.6470588235294118,0.8581514762516046,0.4898455000075046
123,MCAR,30,median,239,60,12,0.5792149879106401,0.05210753998640814,0.8,0.7333333333333333,0.5789473684210527,0.6470588235294118,0.8690629011553274,0.4498416999995243
123,MCAR,30,knn,239,60,12,0.6297664623909244,0.05054548726627892,0.85,0.8125,0.6842105263157895,0.7428571428571429,0.8722721437740693,0.5100149999780115
123,MCAR,30,iterative,239,60,12,0.5925662168915542,0.0762992633779225,0.8333333333333334,0.8,0.631578947368421,0.7058823529411765,0.8761232349165596,0.45114679998368956
123,MAR,10,mean,239,60,12,0.7315319284802044,0.09663280567229696,0.8833333333333333,1.0,0.631578947368421,0.7741935483870968,0.9646983311938383,0.32178560001193546
123,MAR,10,median,239,60,12,0.7118411727316065,0.06990305765015872,0.8833333333333333,1.0,0.631578947368421,0.7741935483870968,0.9621309370988447,0.4633680999977514
123,MAR,10,knn,239,60,12,0.6951415048778132,0.07120536016497812,0.85,1.0,0.5263157894736842,0.6896551724137931,0.975609756097561,0.3997400999942329
123,MAR,10,iterative,239,60,12,0.7234093231162196,0.07266376743459159,0.85,1.0,0.5263157894736842,0.6896551724137931,0.9525032092426187,0.47827439999673516
123,MAR,20,mean,239,60,12,0.6286666338776313,0.06025409633862766,0.9166666666666666,0.8888888888888888,0.8421052631578947,0.8648648648648649,0.9146341463414634,0.41390539999702014
123,MAR,20,median,239,60,12,0.6440600259955098,0.07404323191621939,0.9,0.8823529411764706,0.7894736842105263,0.8333333333333334,0.917201540436457,0.388735499989707
123,MAR,20,knn,239,60,12,0.6128242128242128,0.06467198205456783,0.9166666666666666,0.9375,0.7894736842105263,0.8571428571428571,0.9017971758664954,0.46809619999839924
123,MAR,20,iterative,239,60,12,0.6362089947089947,0.07395545472143882,0.9166666666666666,1.0,0.7368421052631579,0.8484848484848485,0.9165596919127085,0.4608183999953326
123,MAR,30,mean,239,60,12,0.5201513269339356,0.07614602387696746,0.7833333333333333,0.6875,0.5789473684210527,0.6285714285714286,0.8652118100128369,0.443956100003561
123,MAR,30,median,239,60,12,0.5564444444444445,0.06088402251437451,0.7666666666666667,0.6666666666666666,0.5263157894736842,0.5882352941176471,0.8818998716302953,0.41033310000784695
123,MAR,30,knn,239,60,12,0.4913043478260869,0.029488391230979426,0.8333333333333334,0.9090909090909091,0.5263157894736842,0.6666666666666666,0.8664955070603337,0.544173000002047
123,MAR,30,iterative,239,60,12,0.5052422360248447,0.08856403756849622,0.7833333333333333,0.7142857142857143,0.5263157894736842,0.6060606060606061,0.8382541720154043,0.45948419999331236
123,MNAR,10,mean,239,60,12,0.6990783410138249,0.08961521515374819,0.9333333333333333,0.8947368421052632,0.8947368421052632,0.8947368421052632,0.9685494223363286,0.45698370001628064
123,MNAR,10,median,239,60,12,0.6743585434173669,0.08985652389113133,0.9333333333333333,0.9411764705882353,0.8421052631578947,0.8888888888888888,0.972400513478819,0.3856812000158243
123,MNAR,10,knn,239,60,12,0.6854817136886103,0.08182651245204438,0.9166666666666666,0.9375,0.7894736842105263,0.8571428571428571,0.9608472400513479,0.4262039000168443
123,MNAR,10,iterative,239,60,12,0.6739814814814814,0.06405400028092721,0.9,0.8823529411764706,0.7894736842105263,0.8333333333333334,0.9704749679075738,0.4395070999744348
123,MNAR,20,mean,239,60,12,0.6658277206664304,0.11924406757588193,0.85,0.8571428571428571,0.631578947368421,0.7272727272727273,0.9152759948652118,0.4593041999905836
123,MNAR,20,median,239,60,12,0.6548717948717948,0.09812978297325121,0.85,0.8571428571428571,0.631578947368421,0.7272727272727273,0.9056482670089859,0.45156470002257265
123,MNAR,20,knn,239,60,12,0.6728210180623974,0.10616053491113688,0.85,0.8571428571428571,0.631578947368421,0.7272727272727273,0.8851091142490373,0.47948719997657463
123,MNAR,20,iterative,239,60,12,0.6600699778119133,0.12943163624298204,0.8333333333333334,0.8461538461538461,0.5789473684210527,0.6875,0.8947368421052632,0.4473043000034522
123,MNAR,30,mean,239,60,12,0.5645811965811965,0.10209021004446904,0.8166666666666667,0.7857142857142857,0.5789473684210527,0.6666666666666666,0.8658536585365854,0.5291238999925554
123,MNAR,30,median,239,60,12,0.4916744704570791,0.06357789936304804,0.7666666666666667,0.6923076923076923,0.47368421052631576,0.5625,0.8421052631578947,0.36388649998116307
123,MNAR,30,knn,239,60,12,0.5701678321678323,0.06069210388481389,0.8166666666666667,0.8333333333333334,0.5263157894736842,0.6451612903225806,0.8478818998716303,0.3834973000048194
123,MNAR,30,iterative,239,60,12,0.5037904124860647,0.1042243597759195,0.8166666666666667,0.8333333333333334,0.5263157894736842,0.6451612903225806,0.8594351732991015,0.480941999994684
2026,MCAR,10,mean,239,60,12,0.6805053642010164,0.052446095652031496,0.8166666666666667,0.7,0.7368421052631579,0.717948717948718,0.9216944801026957,0.45166099999914877
2026,MCAR,10,median,239,60,12,0.6910264607515246,0.06737189698692492,0.8166666666666667,0.7,0.7368421052631579,0.717948717948718,0.913992297817715,0.4661742000025697
2026,MCAR,10,knn,239,60,12,0.6834054211333314,0.05764491294903416,0.8166666666666667,0.7,0.7368421052631579,0.717948717948718,0.9249037227214377,0.33685870000044815
2026,MCAR,10,iterative,239,60,12,0.6885196046486369,0.05974127971393916,0.8166666666666667,0.7,0.7368421052631579,0.717948717948718,0.935173299101412,0.40634899999713525
2026,MCAR,20,mean,239,60,12,0.5521598401598402,0.11560797551549122,0.8333333333333334,0.8,0.631578947368421,0.7058823529411765,0.8446726572528883,0.4726566000026651
2026,MCAR,20,median,239,60,12,0.5691264272338441,0.10036199628083727,0.8166666666666667,0.7857142857142857,0.5789473684210527,0.6666666666666666,0.8780487804878049,0.4600662999728229
2026,MCAR,20,knn,239,60,12,0.5436118953510258,0.145243455663161,0.8,0.7333333333333333,0.5789473684210527,0.6470588235294118,0.8530166880616175,0.455073800025275
2026,MCAR,20,iterative,239,60,12,0.5407435701553348,0.10528802669562633,0.8,0.7333333333333333,0.5789473684210527,0.6470588235294118,0.8658536585365854,0.5217542999889702
2026,MCAR,30,mean,239,60,12,0.5830329484978443,0.1484141748484793,0.9,0.8823529411764706,0.7894736842105263,0.8333333333333334,0.9544287548138639,0.46091429999796674
2026,MCAR,30,median,239,60,12,0.6052602469993775,0.1179720128593395,0.8666666666666667,0.7894736842105263,0.7894736842105263,0.7894736842105263,0.9537869062901155,0.4451948000059929
2026,MCAR,30,knn,239,60,12,0.5962994130175057,0.14388179282617589,0.9,0.9333333333333333,0.7368421052631579,0.8235294117647058,0.9255455712451861,0.500931299990043
2026,MCAR,30,iterative,239,60,12,0.6134322900101301,0.1275843348771486,0.8666666666666667,0.7894736842105263,0.7894736842105263,0.7894736842105263,0.920410783055199,0.46770370000740513
2026,MAR,10,mean,239,60,12,0.6762951857404631,0.0727496433716763,0.8333333333333334,0.7368421052631579,0.7368421052631579,0.7368421052631579,0.883183568677792,0.4471062999800779
2026,MAR,10,median,239,60,12,0.6813526570048308,0.08286093084661117,0.8333333333333334,0.7368421052631579,0.7368421052631579,0.7368421052631579,0.8966623876765083,0.47829599998658523
2026,MAR,10,knn,239,60,12,0.6936249823806045,0.10128061693695181,0.85,0.7777777777777778,0.7368421052631579,0.7567567567567568,0.8908857509627728,0.44867760001216084
2026,MAR,10,iterative,239,60,12,0.6676553865333669,0.09264644991501697,0.8333333333333334,0.7647058823529411,0.6842105263157895,0.7222222222222222,0.8934531450577664,0.45753099999274127
2026,MAR,20,mean,239,60,12,0.6093596059113301,0.07749366771723383,0.8,0.7333333333333333,0.5789473684210527,0.6470588235294118,0.9056482670089858,0.47409430000698194
2026,MAR,20,median,239,60,12,0.6070114942528735,0.12122181527192229,0.85,0.8571428571428571,0.631578947368421,0.7272727272727273,0.9146341463414634,0.5320749999955297
2026,MAR,20,knn,239,60,12,0.6417136886102404,0.133602817261327,0.8,0.7058823529411765,0.631578947368421,0.6666666666666666,0.8536585365853658,0.46661639999365434
2026,MAR,20,iterative,239,60,12,0.6064737931785987,0.20136735164761485,0.8333333333333334,0.8,0.631578947368421,0.7058823529411765,0.9114249037227214,0.45831630000611767
2026,MAR,30,mean,239,60,12,0.6359911012235817,0.08291430856750966,0.7666666666666667,0.6923076923076923,0.47368421052631576,0.5625,0.8421052631578947,0.4379402999766171
2026,MAR,30,median,239,60,12,0.6663095238095238,0.08194731729465818,0.75,0.6428571428571429,0.47368421052631576,0.5454545454545454,0.858793324775353,0.3627254999883007
2026,MAR,30,knn,239,60,12,0.5866907815933302,0.12916345981718075,0.7833333333333333,0.7142857142857143,0.5263157894736842,0.6060606060606061,0.7785622593068036,0.38861170000745915
2026,MAR,30,iterative,239,60,12,0.6071162196679437,0.08565531058571743,0.7333333333333333,0.6,0.47368421052631576,0.5294117647058824,0.821566110397946,0.42378519999329
2026,MNAR,10,mean,239,60,12,0.6292981212336051,0.09087381327795906,0.8666666666666667,0.8235294117647058,0.7368421052631579,0.7777777777777778,0.8973042362002567,0.4667922999942675
2026,MNAR,10,median,239,60,12,0.6451623376623377,0.07038466820240441,0.8666666666666667,0.7894736842105263,0.7894736842105263,0.7894736842105263,0.8992297817715019,0.4885823999939021
2026,MNAR,10,knn,239,60,12,0.6644417448677084,0.07790431313603244,0.8666666666666667,0.8235294117647058,0.7368421052631579,0.7777777777777778,0.9075738125802311,0.4617135000007693
2026,MNAR,10,iterative,239,60,12,0.6259181678536517,0.10127835115933709,0.8666666666666667,0.8666666666666667,0.6842105263157895,0.7647058823529411,0.8889602053915275,0.41940649997559376
2026,MNAR,20,mean,239,60,12,0.5881736909323115,0.1425335786082636,0.8833333333333333,0.875,0.7368421052631579,0.8,0.9043645699614891,0.34628490000613965
2026,MNAR,20,median,239,60,12,0.6089523809523809,0.13672369807210624,0.85,0.8125,0.6842105263157895,0.7428571428571429,0.9088575096277278,0.47533539999858476
2026,MNAR,20,knn,239,60,12,0.6215421870594284,0.15406467704540497,0.85,0.8125,0.6842105263157895,0.7428571428571429,0.8960205391527599,0.46397940002498217
2026,MNAR,20,iterative,239,60,12,0.573283089834814,0.10313266835052896,0.8666666666666667,0.8666666666666667,0.6842105263157895,0.7647058823529411,0.9017971758664954,0.45035709999501705
2026,MNAR,30,mean,239,60,12,0.5112296871210283,0.19497479130112153,0.85,0.8125,0.6842105263157895,0.7428571428571429,0.9069319640564826,0.4530910000030417
2026,MNAR,30,median,239,60,12,0.5631671169023783,0.13264238172986545,0.8333333333333334,0.7647058823529411,0.6842105263157895,0.7222222222222222,0.8671373555840821,0.4608902999898419
2026,MNAR,30,knn,239,60,12,0.5067484239898034,0.08744777727103074,0.85,0.8125,0.6842105263157895,0.7428571428571429,0.8510911424903722,0.46190399999613874
2026,MNAR,30,iterative,239,60,12,0.4843616734143049,0.17609167645372817,0.8166666666666667,0.75,0.631578947368421,0.6857142857142857,0.8818998716302953,0.4595473000081256
7,MCAR,10,mean,239,60,12,0.697897949288383,0.06596951978426098,0.8333333333333334,0.68,0.8947368421052632,0.7727272727272727,0.9210526315789475,0.46111850001034327
7,MCAR,10,median,239,60,12,0.6740291392765156,0.09195309350257491,0.8333333333333334,0.6956521739130435,0.8421052631578947,0.7619047619047619,0.9152759948652118,0.4626636999892071
7,MCAR,10,knn,239,60,12,0.6642767648433848,0.07896684632697035,0.8333333333333334,0.68,0.8947368421052632,0.7727272727272727,0.9165596919127086,0.4705555000109598
7,MCAR,10,iterative,239,60,12,0.6989735551804518,0.0615732292210796,0.85,0.6923076923076923,0.9473684210526315,0.8,0.9191270860077021,0.4215525999898091
7,MCAR,20,mean,239,60,12,0.648392043294592,0.06043705618535725,0.8666666666666667,0.72,0.9473684210526315,0.8181818181818182,0.8998716302952503,0.40880490001291037
7,MCAR,20,median,239,60,12,0.6385481874447392,0.05077497415236711,0.8333333333333334,0.68,0.8947368421052632,0.7727272727272727,0.9011553273427472,0.47847230001934804
7,MCAR,20,knn,239,60,12,0.6558388278388279,0.033434163804645034,0.8666666666666667,0.7391304347826086,0.8947368421052632,0.8095238095238095,0.8786906290115531,0.4543275000178255
7,MCAR,20,iterative,239,60,12,0.6601666666666667,0.018138357147217045,0.8166666666666667,0.6538461538461539,0.8947368421052632,0.7555555555555555,0.8793324775353016,0.5126801999867894
7,MCAR,30,mean,239,60,12,0.6973581780538302,0.07444001138917465,0.7666666666666667,0.6190476190476191,0.6842105263157895,0.65,0.8427471116816431,0.48691050001070835
7,MCAR,30,median,239,60,12,0.6752727921753409,0.08157664499131721,0.8,0.6666666666666666,0.7368421052631579,0.7,0.8498074454428755,0.5604733999934979
7,MCAR,30,knn,239,60,12,0.7011527093596059,0.09638033132807962,0.8,0.6521739130434783,0.7894736842105263,0.7142857142857143,0.8626444159178432,0.45287890001782216
7,MCAR,30,iterative,239,60,12,0.6847020933977456,0.10348796635440352,0.8,0.6666666666666666,0.7368421052631579,0.7,0.8632862644415917,0.5463552000001073
7,MAR,10,mean,239,60,12,0.7243625192012288,0.054705255264905835,0.8333333333333334,0.6666666666666666,0.9473684210526315,0.782608695652174,0.8921694480102695,0.47342700001900084
7,MAR,10,median,239,60,12,0.7185088745949606,0.06728341521971665,0.8166666666666667,0.6428571428571429,0.9473684210526315,0.7659574468085106,0.8966623876765083,0.4666546000225935
7,MAR,10,knn,239,60,12,0.723430118268828,0.05843401478412698,0.7833333333333333,0.6071428571428571,0.8947368421052632,0.723404255319149,0.8934531450577664,0.45448169999872334
7,MAR,10,iterative,239,60,12,0.747010752688172,0.04789660116147217,0.8166666666666667,0.6538461538461539,0.8947368421052632,0.7555555555555555,0.9005134788189987,0.3642964000173379
7,MAR,20,mean,239,60,12,0.6707007786429365,0.10930597130434927,0.8333333333333334,0.68,0.8947368421052632,0.7727272727272727,0.8825417201540436,0.44799099999363534
7,MAR,20,median,239,60,12,0.6644323892644248,0.07438318928652786,0.8166666666666667,0.6538461538461539,0.8947368421052632,0.7555555555555555,0.8761232349165596,0.4341139000025578
7,MAR,20,knn,239,60,12,0.667808549543811,0.09024320122428091,0.8166666666666667,0.6538461538461539,0.8947368421052632,0.7555555555555555,0.8697047496790757,0.46278530001291074
7,MAR,20,iterative,239,60,12,0.6696084656084655,0.08271013196945753,0.8333333333333334,0.6666666666666666,0.9473684210526315,0.782608695652174,0.8735558408215661,0.43709460002719425
7,MAR,30,mean,239,60,12,0.7277981277981278,0.11892817930225585,0.85,0.7272727272727273,0.8421052631578947,0.7804878048780488,0.8607188703465981,0.4263745999778621
7,MAR,30,median,239,60,12,0.746360153256705,0.11757895956362685,0.8333333333333334,0.68,0.8947368421052632,0.7727272727272727,0.8774069319640565,0.45754849998047575
7,MAR,30,knn,239,60,12,0.6695970695970695,0.1375681003055778,0.8,0.6666666666666666,0.7368421052631579,0.7,0.8632862644415917,0.4586842999851797
7,MAR,30,iterative,239,60,12,0.7341408221408222,0.13003510178506977,0.8333333333333334,0.7142857142857143,0.7894736842105263,0.75,0.8806161745827984,0.4649665999750141
7,MNAR,10,mean,239,60,12,0.690952380952381,0.06626409061637697,0.8166666666666667,0.6538461538461539,0.8947368421052632,0.7555555555555555,0.8780487804878048,0.45463419999578036
7,MNAR,10,median,239,60,12,0.654971264367816,0.0877845861820027,0.75,0.5714285714285714,0.8421052631578947,0.6808510638297872,0.855584082156611,0.3787409999931697
7,MNAR,10,knn,239,60,12,0.7107210031347961,0.05013956515426962,0.7833333333333333,0.6071428571428571,0.8947368421052632,0.723404255319149,0.8568677792041078,0.4266057000204455
7,MNAR,10,iterative,239,60,12,0.6991244239631336,0.07314873057327377,0.75,0.5714285714285714,0.8421052631578947,0.6808510638297872,0.8523748395378691,0.4061204000026919
7,MNAR,20,mean,239,60,12,0.7019951562680198,0.09582830042206991,0.75,0.5909090909090909,0.6842105263157895,0.6341463414634146,0.858793324775353,0.4810625000100117
7,MNAR,20,median,239,60,12,0.6467965367965368,0.12766324045252034,0.8,0.6521739130434783,0.7894736842105263,0.7142857142857143,0.8658536585365854,0.34411450001061894
7,MNAR,20,knn,239,60,12,0.6113062415481771,0.14039563391181387,0.8,0.7058823529411765,0.631578947368421,0.6666666666666666,0.8934531450577664,0.4057312000077218
7,MNAR,20,iterative,239,60,12,0.6680280638901328,0.10917254298366613,0.75,0.5909090909090909,0.6842105263157895,0.6341463414634146,0.8639281129653402,0.4579475999926217
7,MNAR,30,mean,239,60,12,0.5904577161968467,0.14259700986174245,0.7833333333333333,0.625,0.7894736842105263,0.6976744186046512,0.8504492939666239,0.5582278000074439
7,MNAR,30,median,239,60,12,0.5885083014048532,0.07884767054306635,0.8166666666666667,0.6818181818181818,0.7894736842105263,0.7317073170731707,0.8530166880616175,0.45301409999956377
7,MNAR,30,knn,239,60,12,0.5205394445634325,0.07069122163666122,0.8,0.6666666666666666,0.7368421052631579,0.7,0.8575096277278562,0.48057169999810867
7,MNAR,30,iterative,239,60,12,0.5852202580028667,0.10576228010430101,0.7833333333333333,0.65,0.6842105263157895,0.6666666666666666,0.8549422336328626,0.4513303999847267
99,MCAR,10,mean,239,60,12,0.7375862068965517,0.04263050885662231,0.85,0.8571428571428571,0.631578947368421,0.7272727272727273,0.7958921694480102,0.5157423999917228
99,MCAR,10,median,239,60,12,0.7092218265605362,0.04347162661943997,0.8333333333333334,0.8,0.631578947368421,0.7058823529411765,0.8177150192554556,0.4625706000078935
99,MCAR,10,knn,239,60,12,0.718678617040686,0.085358619150172,0.8,0.7058823529411765,0.631578947368421,0.6666666666666666,0.8196405648267009,0.4504655999771785
99,MCAR,10,iterative,239,60,12,0.7521212121212122,0.0341257363502826,0.8166666666666667,0.75,0.631578947368421,0.6857142857142857,0.8048780487804879,0.4897319999872707
99,MCAR,20,mean,239,60,12,0.6722290991256509,0.10657085955317283,0.7833333333333333,0.6875,0.5789473684210527,0.6285714285714286,0.8228498074454428,0.4408081999863498
99,MCAR,20,median,239,60,12,0.6799999999999999,0.11677448856294903,0.7833333333333333,0.6875,0.5789473684210527,0.6285714285714286,0.8234916559691913,0.4304052999941632
99,MCAR,20,knn,239,60,12,0.6909072249589491,0.11027957431426172,0.7666666666666667,0.6470588235294118,0.5789473684210527,0.6111111111111112,0.7503209242618742,0.5221018999873195
99,MCAR,20,iterative,239,60,12,0.6834028040924592,0.10786134750137846,0.7833333333333333,0.6875,0.5789473684210527,0.6285714285714286,0.7766367137355584,0.46390739997150376
99,MCAR,30,mean,239,60,12,0.6441461000170678,0.06984246332623746,0.7333333333333333,0.6,0.47368421052631576,0.5294117647058824,0.7753530166880616,0.405115300003672
99,MCAR,30,median,239,60,12,0.6733404558404558,0.07290994206631364,0.75,0.625,0.5263157894736842,0.5714285714285714,0.7394094993581515,0.33298500001546927
99,MCAR,30,knn,239,60,12,0.607562678062678,0.08622560101653907,0.75,0.6666666666666666,0.42105263157894735,0.5161290322580645,0.758023106546855,0.46878240001387894
99,MCAR,30,iterative,239,60,12,0.637558826046034,0.06560954756412488,0.75,0.6428571428571429,0.47368421052631576,0.5454545454545454,0.7605905006418485,0.5060408000135794
99,MAR,10,mean,239,60,12,0.7506302349238946,0.05084903992252958,0.8166666666666667,0.75,0.631578947368421,0.6857142857142857,0.8632862644415918,0.4625817000051029
99,MAR,10,median,239,60,12,0.7483277206664304,0.05723290997811734,0.8166666666666667,0.75,0.631578947368421,0.6857142857142857,0.8388960205391528,0.4365624999918509
99,MAR,10,knn,239,60,12,0.7549593733274949,0.017910845212287817,0.8166666666666667,0.75,0.631578947368421,0.6857142857142857,0.849165596919127,0.4126263000071049
99,MAR,10,iterative,239,60,12,0.7498371735791091,0.045549056402195594,0.8166666666666667,0.7222222222222222,0.6842105263157895,0.7027027027027027,0.8575096277278562,0.4471610999898985
99,MAR,20,mean,239,60,12,0.6462247867662807,0.09395141142066542,0.7833333333333333,0.8,0.42105263157894735,0.5517241379310345,0.7984595635430038,0.46792029999778606
99,MAR,20,median,239,60,12,0.6716120931131072,0.1006656217596304,0.7666666666666667,0.7272727272727273,0.42105263157894735,0.5333333333333333,0.7933247753530167,0.43560600001364946
99,MAR,20,knn,239,60,12,0.6693756613756614,0.047030512400034925,0.7833333333333333,0.8,0.42105263157894735,0.5517241379310345,0.8350449293966623,0.4554031000006944
99,MAR,20,iterative,239,60,12,0.6610300825310966,0.08111300999044459,0.7833333333333333,0.8,0.42105263157894735,0.5517241379310345,0.7374839537869062,0.4509682999923825
99,MAR,30,mean,239,60,12,0.6965717934683452,0.08593228496619237,0.85,0.8571428571428571,0.631578947368421,0.7272727272727273,0.8157894736842104,0.45084820000920445
99,MAR,30,median,239,60,12,0.6984229963584803,0.03016453916743051,0.8333333333333334,0.8,0.631578947368421,0.7058823529411765,0.8145057766367138,0.34133769999607466
99,MAR,30,knn,239,60,12,0.7346928686194537,0.0888163770380928,0.8333333333333334,0.8,0.631578947368421,0.7058823529411765,0.8267008985879333,0.43141479999758303
99,MAR,30,iterative,239,60,12,0.6891304347826087,0.05698321960858822,0.8,0.7333333333333333,0.5789473684210527,0.6470588235294118,0.806803594351733,0.47302080001099966
99,MNAR,10,mean,239,60,12,0.7432578660164868,0.03630646074993161,0.7666666666666667,0.6666666666666666,0.5263157894736842,0.5882352941176471,0.8356867779204108,0.4182444000034593
99,MNAR,10,median,239,60,12,0.7167195767195768,0.05279309825242367,0.8,0.7692307692307693,0.5263157894736842,0.625,0.8677792041078306,0.41207459999714047
99,MNAR,10,knn,239,60,12,0.720917892308326,0.038225481462683085,0.8,0.7333333333333333,0.5789473684210527,0.6470588235294118,0.8421052631578947,0.4385413999843877
99,MNAR,10,iterative,239,60,12,0.7368418011354608,0.0523693869187798,0.7666666666666667,0.6666666666666666,0.5263157894736842,0.5882352941176471,0.8344030808729139,0.4953348000126425
99,MNAR,20,mean,239,60,12,0.5545188834154351,0.07918451222565949,0.75,0.6666666666666666,0.42105263157894735,0.5161290322580645,0.8080872913992297,0.45069840000360273
99,MNAR,20,median,239,60,12,0.578041748356591,0.09989999487143324,0.7333333333333333,0.6153846153846154,0.42105263157894735,0.5,0.803594351732991,0.3995075999991968
99,MNAR,20,knn,239,60,12,0.5567287784679088,0.10182547394446298,0.75,0.6666666666666666,0.42105263157894735,0.5161290322580645,0.8010269576379975,0.42487349998555146
99,MNAR,20,iterative,239,60,12,0.5723201586020178,0.04758377452274487,0.7666666666666667,0.7272727272727273,0.42105263157894735,0.5333333333333333,0.7817715019255456,0.4310000999830663
99,MNAR,30,mean,239,60,12,0.5859310344827586,0.10183159724458841,0.7833333333333333,0.8,0.42105263157894735,0.5517241379310345,0.8234916559691913,0.4516345000010915
99,MNAR,30,median,239,60,12,0.585076923076923,0.05557952408665336,0.8,0.8181818181818182,0.47368421052631576,0.6,0.7599486521181,0.4699712000146974
99,MNAR,30,knn,239,60,12,0.5920092017483322,0.10193151134411413,0.8166666666666667,0.7857142857142857,0.5789473684210527,0.6666666666666666,0.769576379974326,0.5115839999925811
99,MNAR,30,iterative,239,60,12,0.5465977011494253,0.0955581499461917,0.8,0.8888888888888888,0.42105263157894735,0.5714285714285714,0.7432605905006417,0.5236930999963079
