mechanism,missing_pct,method,test_accuracy_mean,test_accuracy_std,test_accuracy_min,test_accuracy_max,test_accuracy_count,test_precision_mean,test_precision_std,test_precision_min,test_precision_max,test_precision_count,test_recall_mean,test_recall_std,test_recall_min,test_recall_max,test_recall_count,test_f1_mean,test_f1_std,test_f1_min,test_f1_max,test_f1_count,test_roc_auc_mean,test_roc_auc_std,test_roc_auc_min,test_roc_auc_max,test_roc_auc_count
MAR,10,iterative,0.8300000000000001,0.013944333775567948,0.8166666666666667,0.85,5,0.7881548516842635,0.130340387552158,0.6538461538461539,1.0,5,0.6842105263157895,0.1341847240419154,0.5263157894736842,0.8947368421052632,5,0.71520360116709,0.02536445153730238,0.6896551724137931,0.7555555555555555,5,0.897560975609756,0.034774331825194627,0.8575096277278562,0.9525032092426187,5
MAR,10,knn,0.8300000000000001,0.02981423969999717,0.7833333333333333,0.85,5,0.789484126984127,0.14123653633628624,0.6071428571428571,1.0,5,0.6947368421052632,0.13623346426889246,0.5263157894736842,0.8947368421052632,5,0.7196775226122255,0.031547170666064904,0.6857142857142857,0.7567567567567568,5,0.9023106546854942,0.0458425452322043,0.849165596919127,0.975609756097561,5
MAR,10,mean,0.8400000000000001,0.02527625148017185,0.8166666666666667,0.8833333333333333,5,0.7907017543859649,0.12632736301755174,0.6666666666666666,1.0,5,0.7157894736842104,0.13724636642531893,0.631578947368421,0.9473684210526315,5,0.7370481975915781,0.04201802864455363,0.6857142857142857,0.782608695652174,5,0.9006418485237484,0.03832701063200283,0.8632862644415918,0.9646983311938383,5
MAR,10,median,0.8400000000000001,0.027888667551135903,0.8166666666666667,0.8833333333333333,5,0.7973684210526316,0.13639416895736256,0.6428571428571429,1.0,5,0.7157894736842104,0.13724636642531893,0.631578947368421,0.9473684210526315,5,0.7379960226891557,0.035148978351294394,0.6857142857142857,0.7741935483870968,5,0.8983311938382542,0.043616429058362535,0.8388960205391528,0.9621309370988447,5
MAR,20,iterative,0.8266666666666668,0.05845225972250058,0.7666666666666667,0.9166666666666666,5,0.7866666666666667,0.13662601021279466,0.6666666666666666,1.0,5,0.6526315789473685,0.20247772696496152,0.42105263157894735,0.9473684210526315,5,0.6953870658253761,0.125774832386902,0.5517241379310345,0.8484848484848485,5,0.8671373555840821,0.07437553918912904,0.7374839537869062,0.9165596919127085,5
MAR,20,knn,0.8233333333333335,0.053489355119604017,0.7833333333333333,0.9166666666666666,5,0.7661123680241327,0.10934797057243077,0.6538461538461539,0.9375,5,0.6631578947368422,0.18458608333421245,0.42105263157894735,0.8947368421052632,5,0.6956296081651051,0.11574152909570767,0.5517241379310345,0.8571428571428571,5,0.8646983311938381,0.024518277558538266,0.8350449293966623,0.9017971758664954,5
MAR,20,mean,0.82,0.059395098937351516,0.7666666666666667,0.9166666666666666,5,0.7537777777777778,0.09197960052957528,0.6666666666666666,0.8888888888888888,5,0.6526315789473685,0.2058695496379784,0.42105263157894735,0.8947368421052632,5,0.6849220786340462,0.13097023537909436,0.5517241379310345,0.8648648648648649,5,0.8790757381258023,0.04665580981053566,0.7984595635430038,0.9146341463414634,5
MAR,20,median,0.8266666666666668,0.05082650227325637,0.7666666666666667,0.9,5,0.7779690897337956,0.09383157319516157,0.6538461538461539,0.8823529411764706,5,0.6526315789473685,0.19194297398747864,0.42105263157894735,0.8947368421052632,5,0.6948989898989899,0.11713312452214521,0.5333333333333333,0.8333333333333334,5,0.8811296534017972,0.05171642452870217,0.7933247753530167,0.917201540436457,5
MAR,30,iterative,0.8066666666666666,0.056025787713238684,0.7333333333333333,0.8833333333333333,5,0.7273809523809524,0.09797409301695188,0.6,0.875,5,0.6210526315789473,0.13623346426889246,0.47368421052631576,0.7894736842105263,5,0.66650623885918,0.10910839076780526,0.5294117647058824,0.8,5,0.8490372272143774,0.0388713343710289,0.806803594351733,0.8979460847240052,5
MAR,30,knn,0.8300000000000001,0.0447213595499958,0.7833333333333333,0.9,5,0.794479246243952,0.10446908192117135,0.6666666666666666,0.9090909090909091,5,0.6421052631578947,0.12001846579990928,0.5263157894736842,0.7894736842105263,5,0.7023885918003565,0.08324598165192487,0.6060606060606061,0.8333333333333334,5,0.853658536585366,0.05691680225564915,0.7785622593068036,0.9332477535301669,5
MAR,30,mean,0.82,0.04149966532662909,0.7666666666666667,0.85,5,0.7484002109002109,0.07069225813635996,0.6875,0.8571428571428571,5,0.6526315789473685,0.14220269564322416,0.47368421052631576,0.8421052631578947,5,0.6911177434957922,0.09227301371178209,0.5625,0.7804878048780488,5,0.8564826700898587,0.030535399644517708,0.8157894736842104,0.8985879332477534,5
MAR,30,median,0.8099999999999999,0.049441323247304395,0.75,0.8666666666666667,5,0.7312380952380952,0.0970503761466388,0.6428571428571429,0.8666666666666667,5,0.6421052631578947,0.16392012107786777,0.47368421052631576,0.8947368421052632,5,0.6754010695187166,0.10351427387449919,0.5454545454545454,0.7727272727272727,5,0.8662387676508343,0.03220327454498475,0.8145057766367138,0.8985879332477535,5
MCAR,10,iterative,0.8300000000000001,0.04915960401250875,0.7666666666666667,0.9,5,0.7669230769230768,0.1324998604442717,0.6923076923076923,1.0,5,0.6947368421052631,0.17216239193469604,0.47368421052631576,0.9473684210526315,5,0.7157326007326008,0.10105835502272753,0.5625,0.8125,5,0.8987163029525032,0.06528486149188995,0.8048780487804879,0.9711168164313222,5
MCAR,10,knn,0.8300000000000001,0.03205897343611891,0.8,0.8833333333333333,5,0.7600336134453782,0.10247715000705403,0.68,0.9285714285714286,5,0.7052631578947368,0.12116699403390885,0.5789473684210527,0.8947368421052632,5,0.7223776223776224,0.0571238267696581,0.6666666666666666,0.7878787878787878,5,0.8998716302952502,0.05376989997721632,0.8196405648267009,0.9608472400513479,5
MCAR,10,mean,0.8266666666666668,0.03836954811073781,0.7666666666666667,0.8666666666666667,5,0.7774985014985015,0.10673671362377407,0.68,0.9230769230769231,5,0.6631578947368422,0.17296501815952614,0.42105263157894735,0.8947368421052632,5,0.7002564102564103,0.0956983063772841,0.5333333333333333,0.7727272727272727,5,0.8919127086007702,0.06367350870162206,0.7958921694480102,0.9582798459563543,5
MCAR,10,median,0.8266666666666668,0.04183300132670377,0.7666666666666667,0.8833333333333333,5,0.7633062589584328,0.10281605058542471,0.6923076923076923,0.9285714285714286,5,0.6736842105263158,0.13623346426889246,0.47368421052631576,0.8421052631578947,5,0.7072229241346888,0.08740285506260664,0.5625,0.7878787878787878,5,0.89602053915276,0.05279764963906245,0.8177150192554556,0.9582798459563543,5
MCAR,20,iterative,0.8099999999999999,0.0450308536203543,0.7666666666666667,0.8833333333333333,5,0.7082692307692308,0.05951207618929364,0.6538461538461539,0.8,5,0.6842105263157895,0.17054580785283843,0.5263157894736842,0.8947368421052632,5,0.6879867844573727,0.09654575519677049,0.5882352941176471,0.8205128205128205,5,0.8441591784338897,0.06615618390326805,0.7747111681643132,0.9242618741976893,5
MCAR,20,knn,0.8066666666666666,0.05082650227325632,0.75,0.8666666666666667,5,0.7044600738846263,0.06523034497886092,0.625,0.7777777777777778,5,0.6631578947368422,0.15163010832513613,0.5263157894736842,0.8947368421052632,5,0.6791758144699321,0.10035334542765513,0.5714285714285714,0.8095238095238095,5,0.8381258023106547,0.063350481809081,0.7503209242618742,0.9088575096277278,5
MCAR,20,mean,0.8233333333333335,0.0560257877132387,0.75,0.8833333333333333,5,0.7367380952380953,0.07882083432001019,0.6428571428571429,0.8333333333333334,5,0.6842105263157895,0.18608073189119673,0.47368421052631576,0.9473684210526315,5,0.7017801911919559,0.11752773390887608,0.5454545454545454,0.8181818181818182,5,0.8567394094993581,0.05299508149300552,0.7946084724005135,0.9216944801026957,5
MCAR,20,median,0.8166666666666667,0.0790569415042095,0.7166666666666667,0.9333333333333333,5,0.7220902255639098,0.12479181275360006,0.5625,0.8947368421052632,5,0.6842105263157895,0.19692933614599692,0.47368421052631576,0.8947368421052632,5,0.6953975848712691,0.1447486878975043,0.5142857142857142,0.8947368421052632,5,0.8635430038510912,0.060775294232965855,0.7817715019255456,0.9332477535301669,5
MCAR,30,iterative,0.8,0.05137011669140814,0.75,0.8666666666666667,5,0.7297994987468671,0.07148759817608641,0.6428571428571429,0.8,5,0.5894736842105263,0.19480795287707103,0.3157894736842105,0.7894736842105263,5,0.6370510054101385,0.13912243002022298,0.4444444444444444,0.7894736842105263,5,0.8310654685494223,0.07947059361505955,0.7349165596919127,0.920410783055199,5
MCAR,30,knn,0.8066666666666666,0.06932211447695143,0.7333333333333333,0.9,5,0.746268115942029,0.12339627070551432,0.6521739130434783,0.9333333333333333,5,0.5894736842105263,0.2085432921700942,0.3157894736842105,0.7894736842105263,5,0.6450745459474112,0.16560367338102788,0.42857142857142855,0.8235294117647058,5,0.8450577663671373,0.06435567768419799,0.758023106546855,0.9255455712451861,5
MCAR,30,mean,0.7833333333333334,0.07264831572567793,0.7166666666666667,0.9,5,0.6869467787114846,0.12254087207810001,0.6,0.8823529411764706,5,0.5684210526315789,0.18383420206918932,0.3157894736842105,0.7894736842105263,5,0.6147194050033807,0.15631009259122652,0.41379310344827586,0.8333333333333334,5,0.8363286264441591,0.07979728692659518,0.7509627727856227,0.9544287548138639,5
MCAR,30,median,0.7866666666666667,0.05700877125495694,0.7166666666666667,0.8666666666666667,5,0.6828947368421052,0.07808618996007403,0.6,0.7894736842105263,5,0.5894736842105263,0.18756347032847856,0.3157894736842105,0.7894736842105263,5,0.6243508365233571,0.14198532365827726,0.41379310344827586,0.7894736842105263,5,0.8308087291399229,0.09109456513578647,0.7394094993581515,0.9537869062901155,5
MNAR,10,iterative,0.82,0.06390096504226939,0.75,0.9,5,0.747422969187675,0.13221895312002394,0.5714285714285714,0.8823529411764706,5,0.6947368421052632,0.12565617248750863,0.5263157894736842,0.8421052631578947,5,0.710567971869599,0.09282824423598142,0.5882352941176471,0.8333333333333334,5,0.8889602053915275,0.052565003762262155,0.8344030808729139,0.9704749679075738,5
MNAR,10,knn,0.8400000000000001,0.05348935511960401,0.7833333333333333,0.9166666666666666,5,0.7803011204481793,0.12161206348001855,0.6071428571428571,0.9375,5,0.7263157894736842,0.12565617248750865,0.5789473684210527,0.8947368421052632,5,0.7422532133420744,0.07937524722429835,0.6470588235294118,0.8571428571428571,5,0.8910141206675224,0.04669067517549558,0.8421052631578947,0.9608472400513479,5
MNAR,10,mean,0.8400000000000001,0.06302556800396347,0.7666666666666667,0.9333333333333333,5,0.7648986720194151,0.10333318984728558,0.6538461538461539,0.8947368421052632,5,0.7263157894736842,0.17216239193469607,0.5263157894736842,0.8947368421052632,5,0.736594427244582,0.11615177593083856,0.5882352941176471,0.8947368421052632,5,0.8948652118100128,0.04801095604048168,0.8356867779204108,0.9685494223363286,5
MNAR,10,median,0.8366666666666667,0.06912147117775906,0.75,0.9333333333333333,5,0.7742618990916205,0.13221289035237335,0.5714285714285714,0.9411764705882353,5,0.7263157894736841,0.1412253459473551,0.5263157894736842,0.8421052631578947,5,0.7380191979740758,0.10305767714185537,0.625,0.8888888888888888,5,0.9,0.04549298094201184,0.855584082156611,0.972400513478819,5
MNAR,20,iterative,0.8,0.048591265790377515,0.75,0.8666666666666667,5,0.8062004662004663,0.15442689007790358,0.5909090909090909,1.0,5,0.5368421052631579,0.1639201210778678,0.3157894736842105,0.6842105263157895,5,0.6199371114299378,0.1148991434917953,0.48,0.7647058823529411,5,0.8548138639281129,0.04936478652542946,0.7817715019255456,0.9017971758664954,5
MNAR,20,knn,0.8,0.04999999999999998,0.75,0.85,5,0.74843837535014,0.08179923548764195,0.6666666666666666,0.8571428571428571,5,0.5473684210526316,0.1422026956432242,0.3684210526315789,0.6842105263157895,5,0.6271368379488513,0.1205703064610421,0.4827586206896552,0.7428571428571429,5,0.8691912708600771,0.0394002991523142,0.8010269576379975,0.8960205391527599,5
MNAR,20,mean,0.8,0.062360956446232345,0.75,0.8833333333333333,5,0.797943722943723,0.16610685626128496,0.5909090909090909,1.0,5,0.5473684210526315,0.1990281094862004,0.2631578947368421,0.7368421052631579,5,0.6188429535321747,0.15510841820705248,0.4166666666666667,0.8,5,0.8680359435173299,0.04312008891672072,0.8080872913992297,0.9152759948652118,5
MNAR,20,median,0.8,0.05137011669140812,0.7333333333333333,0.85,5,0.7429958326697458,0.10440713581866438,0.6153846153846154,0.8571428571428571,5,0.5789473684210527,0.17848236797698075,0.3684210526315789,0.7894736842105263,5,0.6368831168831168,0.1253653792993422,0.5,0.7428571428571429,5,0.8672657252888317,0.043246017894255466,0.803594351732991,0.9088575096277278,5
MNAR,30,iterative,0.8033333333333333,0.013944333775567924,0.7833333333333333,0.8166666666666667,5,0.8022222222222222,0.10233387622005832,0.65,0.8888888888888888,5,0.5368421052631579,0.12001846579990927,0.42105263157894735,0.6842105263157895,5,0.6280798771121352,0.05366838205968315,0.5714285714285714,0.6857142857142857,5,0.8245186136071887,0.05865034663326188,0.7432605905006417,0.8818998716302953,5
MNAR,30,knn,0.8033333333333333,0.04314059701848266,0.7333333333333333,0.85,5,0.7529761904761905,0.08057729982548148,0.6666666666666666,0.8333333333333334,5,0.5684210526315789,0.16392012107786774,0.3157894736842105,0.7368421052631579,5,0.6366513056835638,0.12202798235839359,0.42857142857142855,0.7428571428571429,5,0.8177150192554556,0.04735998408082673,0.7625160462130937,0.8575096277278562,5
MNAR,30,mean,0.7933333333333333,0.043461349368017696,0.7333333333333333,0.85,5,0.7379761904761905,0.08591906754498942,0.625,0.8125,5,0.5578947368421053,0.19194297398747864,0.3157894736842105,0.7894736842105263,5,0.6174987589261848,0.12706315447471994,0.42857142857142855,0.7428571428571429,5,0.8453145057766367,0.04745340279659694,0.7798459563543003,0.9069319640564826,5
MNAR,30,median,0.7966666666666666,0.029814239699997164,0.7666666666666667,0.8333333333333334,5,0.7628312863606981,0.07664621369021267,0.6818181818181818,0.8571428571428571,5,0.5473684210526316,0.18830046126314018,0.3157894736842105,0.7894736842105263,5,0.6155936001667709,0.11363002989733992,0.46153846153846156,0.7317073170731707,5,0.8242618741976893,0.044024913807269785,0.7599486521181,0.8671373555840821,5
